,City,Cloudiness,Country,Date,Humidity,Lat,Lng,Max Temp (C),Wind Speed(kmph)
0,albany,90,US,2020-01-04 02:00:24,86,42.65,-73.75,5.149999999999977,0.9656039999999999
1,vaini,19,IN,2020-01-04 02:04:26,34,15.34,74.49,27.149999999999977,4.9889540000000006
2,sitges,0,ES,2020-01-04 02:04:26,80,41.24,1.82,9.04000000000002,9.977908000000001
3,beyneu,28,KZ,2020-01-04 02:04:26,61,45.32,55.19,-1.5299999999999727,2.9772790000000002
4,norman wells,40,CA,2020-01-04 02:04:26,74,65.28,-126.83,-30.849999999999994,2.41401
5,islampur,63,IN,2020-01-04 02:04:26,38,17.05,74.27,25.480000000000018,2.6232241999999997
6,bambous virieux,75,MU,2020-01-04 02:04:26,83,-20.34,57.76,27.930000000000007,6.598293999999999
7,punta arenas,75,CL,2020-01-04 02:04:26,81,-53.16,-70.91,8.149999999999977,9.977908000000001
8,krsko,20,SI,2020-01-04 02:04:27,92,45.96,15.49,-0.9599999999999795,1.60934
9,mahebourg,75,MU,2020-01-04 02:04:27,83,-20.41,57.7,27.930000000000007,6.598293999999999
10,champasak,40,LA,2020-01-04 02:04:27,43,14.89,105.88,32.14999999999998,4.9889540000000006
11,huilong,96,CN,2020-01-04 01:56:05,57,31.15,106.5,11.569999999999993,3.1703997999999998
12,sinegorsk,0,RU,2020-01-04 02:04:27,77,44.77,38.34,2.3700000000000045,0.724203
13,port blair,20,IN,2020-01-04 02:04:27,74,11.67,92.75,30.149999999999977,7.402963999999999
14,balabac,53,PH,2020-01-04 02:04:27,73,7.99,117.06,28.670000000000016,13.2931484
15,rikitea,97,PF,2020-01-04 02:04:27,79,-23.12,-134.97,25.920000000000016,8.8352766
16,cidreira,12,BR,2020-01-04 02:04:27,80,-30.17,-50.22,22.5,16.3830812
17,avarua,16,CK,2020-01-04 02:04:27,83,-21.21,-159.78,25.149999999999977,4.9889540000000006
18,salekhard,100,RU,2020-01-04 02:04:28,97,66.54,66.62,-16.45999999999998,2.6393176
19,atuona,4,PF,2020-01-04 02:04:28,74,-9.8,-139.03,27.19999999999999,11.6516216
20,codrington,0,AU,2020-01-04 02:04:28,49,-28.95,153.24,35.14999999999998,14.001257999999998
21,busselton,13,AU,2020-01-04 02:00:06,15,-33.64,115.35,25.149999999999977,13.2609616
22,mataura,65,NZ,2020-01-04 02:04:28,66,-46.19,168.86,11.259999999999991,8.6260624
23,sarkand,97,KZ,2020-01-04 02:04:28,77,45.41,79.91,-4.2099999999999795,0.5954558
24,jamestown,0,AU,2020-01-04 02:04:28,40,-33.21,138.6,25.20999999999998,13.759857
25,ushuaia,75,AR,2020-01-04 02:04:28,70,-54.81,-68.31,8.149999999999977,10.782578
26,vao,40,EE,2020-01-04 01:59:18,78,59.1,26.19,1.579999999999984,9.3502654
27,honningsvag,99,NO,2020-01-04 01:59:19,80,70.98,25.97,0.6399999999999864,25.298824800000002
28,east london,75,ZA,2020-01-04 01:58:10,100,-33.02,27.91,25.149999999999977,3.379614
29,pozo colorado,7,PY,2020-01-04 02:04:29,57,-23.49,-58.8,22.339999999999975,3.6532018
30,moron,22,HT,2020-01-04 02:04:29,84,18.56,-74.26,24.610000000000014,1.046071
31,bad waldsee,90,DE,2020-01-04 02:04:29,93,47.92,9.75,6.149999999999977,1.60934
32,puerto ayora,37,EC,2020-01-04 02:04:29,84,-0.74,-90.35,23.480000000000018,1.4323126
33,tasiilaq,100,GL,2020-01-04 01:56:03,41,65.61,-37.64,-4.850000000000023,11.587248
34,khatanga,100,RU,2020-01-04 02:04:29,97,71.98,102.47,-19.319999999999993,3.9589764
35,hithadhoo,30,MV,2020-01-04 01:59:16,68,-0.6,73.08,28.54000000000002,2.7036911999999997
36,madimba,40,CM,2020-01-04 02:04:29,94,4.42,9.93,25.149999999999977,0.80467
37,mar del plata,6,AR,2020-01-04 01:57:08,41,-46.43,-67.52,15.620000000000005,9.816974
38,urdoma,100,RU,2020-01-04 02:04:29,91,61.74,48.55,0.4800000000000182,8.9640238
39,jumla,11,NP,2020-01-04 02:04:30,59,29.28,82.18,1.3600000000000136,2.9450922
40,tuatapere,61,NZ,2020-01-04 02:04:30,66,-46.13,167.69,11.259999999999991,8.6260624
41,port alfred,96,ZA,2020-01-04 02:04:30,98,-33.59,26.89,21.819999999999993,8.0627934
42,kawalu,88,ID,2020-01-04 02:04:30,72,-7.38,108.21,27.74000000000001,4.345218
43,alekseyevskaya,0,RU,2020-01-04 02:04:30,74,45.77,40.15,0.14999999999997726,4.425685
44,chuy,0,UY,2020-01-04 01:59:15,83,-33.69,-53.46,18.189999999999998,5.3751956
45,arraial do cabo,68,BR,2020-01-04 02:05:30,83,-22.97,-42.02,24.430000000000007,11.522874400000001
46,gamba,48,CN,2020-01-04 02:05:30,49,28.28,88.52,-10.199999999999989,5.7292504
47,zigong,75,CN,2020-01-04 02:05:30,56,29.34,104.78,11.560000000000002,0.9495106
48,hilo,1,US,2020-01-04 02:05:30,83,19.71,-155.08,22.149999999999977,3.379614
49,banda aceh,0,ID,2020-01-04 02:05:31,54,5.56,95.32,31.569999999999993,7.161563
50,pisco,90,PE,2020-01-04 01:59:19,94,-13.71,-76.2,21.25999999999999,5.793624
51,pokhara,31,NP,2020-01-04 02:05:31,44,28.21,83.99,19.220000000000027,1.4162192
52,kangaatsiaq,100,GL,2020-01-04 02:05:31,82,68.31,-53.46,-5.100000000000023,7.322496999999999
53,nikolskoye,75,RU,2020-01-04 02:05:31,80,59.7,30.79,2.3700000000000045,6.43736
54,akonolinga,14,CM,2020-01-04 02:05:31,46,3.77,12.24,17.430000000000007,1.0299776
55,osterholz-scharmbeck,75,DE,2020-01-04 02:05:31,86,53.23,8.79,6.149999999999977,14.001257999999998
56,sinnamary,81,GF,2020-01-04 02:05:31,81,5.38,-52.96,26.600000000000023,10.1710288
57,huarmey,95,PE,2020-01-04 02:05:31,82,-10.07,-78.15,20.110000000000014,1.448406
58,galle,4,GN,2020-01-04 02:05:31,28,10.08,-12.83,18.310000000000002,2.3657298
59,juegang,100,CN,2020-01-04 02:05:31,77,32.31,121.18,10.149999999999977,0.724203
60,kununurra,49,AU,2020-01-04 01:56:01,39,-15.77,128.74,36.14999999999998,8.207633999999999
61,barrow,0,AR,2020-01-04 02:05:32,67,-38.31,-60.23,19.55000000000001,11.2492866
62,new norfolk,75,AU,2020-01-04 02:05:32,23,-42.78,147.06,17.370000000000005,14.966862
63,sioux lookout,90,CA,2020-01-04 02:05:32,92,50.1,-91.92,-7.850000000000023,2.41401
64,zambezi,100,ZM,2020-01-04 02:05:32,84,-13.55,23.12,21.189999999999998,3.3957073999999996
65,narsaq,100,GL,2020-01-04 02:05:32,27,60.91,-46.05,2.1499999999999773,23.174496
66,nelson bay,0,AU,2020-01-04 01:59:16,21,-32.72,152.14,41.14999999999998,11.587248
67,bluff,10,AU,2020-01-04 01:56:01,22,-23.58,149.07,34.81,13.1804946
68,bom jardim,40,BR,2020-01-04 02:05:32,94,-7.8,-35.59,22.149999999999977,6.598293999999999
69,bethel,75,US,2020-01-04 02:05:32,76,60.79,-161.76,-21.849999999999994,7.402963999999999
70,mineiros,29,BR,2020-01-04 02:03:47,90,-17.57,-52.55,20.730000000000018,1.8990212
71,luderitz,0,NA,2020-01-04 02:05:32,72,-26.65,15.16,18.149999999999977,7.402963999999999
72,mwinilunga,100,ZM,2020-01-04 02:05:33,99,-11.73,24.43,17.110000000000014,2.6715044
73,kunming,75,CN,2020-01-04 02:05:33,59,25.04,102.71,17.370000000000005,17.70274
74,faanui,36,PF,2020-01-04 01:59:15,79,-16.48,-151.75,27.670000000000016,7.5799914
75,westport,90,US,2020-01-04 02:01:26,93,41.14,-73.36,8.480000000000018,2.3818232
76,hualmay,99,PE,2020-01-04 02:05:33,87,-11.1,-77.61,19.50999999999999,2.6071308
77,beloretsk,97,RU,2020-01-04 02:05:33,91,58.67,52.48,-1.1999999999999886,8.947930399999999
78,primorsk,60,RU,2020-01-04 02:05:33,72,60.37,28.62,0.7099999999999795,13.6632966
79,cape town,19,ZA,2020-01-04 02:05:33,82,-33.93,18.42,22.930000000000007,5.793624
80,hofn,100,IS,2020-01-04 02:05:33,66,64.25,-15.21,1.009999999999991,13.9046976
81,lazaro cardenas,0,MX,2020-01-04 02:05:34,77,28.39,-105.62,1.259999999999991,1.4323126
82,coquimbo,90,CL,2020-01-04 02:05:34,87,-29.95,-71.34,15.149999999999977,0.80467
83,pacific grove,1,US,2020-01-04 02:05:34,76,36.62,-121.92,11.259999999999991,4.9889540000000006
84,kruisfontein,89,ZA,2020-01-04 01:58:11,74,-34,24.73,23.060000000000002,4.0716301999999995
85,port lincoln,100,AU,2020-01-04 02:05:34,70,-34.72,135.86,16.50999999999999,10.605550599999999
86,khuzhir,22,RU,2020-01-04 02:05:34,73,53.19,107.35,-3.8700000000000045,7.1937498
87,ucluelet,99,CA,2020-01-04 02:03:54,88,48.94,-125.55,8.480000000000018,3.6049216000000004
88,terre haute,90,US,2020-01-04 02:05:34,100,39.47,-87.41,4.0400000000000205,4.184284
89,san patricio,0,PY,2020-01-04 02:05:34,74,-26.98,-56.83,20.920000000000016,4.2808444
90,hermanus,0,ZA,2020-01-04 02:05:34,70,-34.42,19.24,22.930000000000007,6.5500138
91,saldanha,2,PT,2020-01-04 02:06:34,92,41.42,-6.55,2.5,2.5105704
92,katsuura,40,JP,2020-01-04 02:06:35,54,33.93,134.5,13.480000000000018,10.782578
93,sao joao da barra,100,BR,2020-01-04 02:05:04,88,-21.64,-41.05,23.560000000000002,4.0877236
94,ponta do sol,100,BR,2020-01-04 02:06:35,97,-20.63,-46,19.439999999999998,1.0943512
95,sistranda,40,NO,2020-01-04 02:06:35,63,63.73,8.83,3.480000000000018,23.174496
96,salta,75,AR,2020-01-04 02:06:35,73,-24.79,-65.41,22.149999999999977,3.379614
97,bismarck,1,US,2020-01-04 02:02:03,92,46.81,-100.78,-9.29000000000002,3.6853886
98,tuktoyaktuk,40,CA,2020-01-04 02:06:35,75,69.44,-133.03,-28.849999999999994,10.782578
99,hobart,75,AU,2020-01-04 02:06:35,23,-42.88,147.33,17.370000000000005,14.966862
100,torbay,40,CA,2020-01-04 02:06:35,86,47.66,-52.73,0.14999999999997726,12.391918
101,parfenyevo,100,RU,2020-01-04 02:06:35,90,58.48,43.41,-0.9700000000000273,8.690436
102,oranjemund,8,ZA,2020-01-04 02:06:36,75,-28.55,16.43,17.269999999999982,5.63269
103,chaiya,0,IN,2020-01-04 02:06:36,35,29.28,74.48,18.54000000000002,3.1703997999999998
104,severo-kurilsk,100,RU,2020-01-04 01:59:18,80,50.68,156.12,-3.6999999999999886,16.527921799999998
105,hopkinsville,90,US,2020-01-04 02:06:36,93,36.87,-87.49,9.149999999999977,7.402963999999999
106,sandnessjoen,100,NO,2020-01-04 02:06:36,74,66.02,12.63,2.1499999999999773,19.794882
107,kapaa,75,US,2020-01-04 02:06:36,78,22.08,-159.32,24.149999999999977,14.001257999999998
108,saint-philippe,90,CA,2020-01-04 02:06:36,93,45.36,-73.48,4.149999999999977,2.7841582
109,isangel,75,VU,2020-01-04 01:59:20,58,-19.55,169.27,29.149999999999977,5.793624
110,cabo san lucas,5,MX,2020-01-04 02:04:31,59,22.89,-109.91,17.930000000000007,8.207633999999999
111,grand gaube,75,MU,2020-01-04 02:06:37,83,-20.01,57.66,27.930000000000007,6.598293999999999
112,airai,100,TL,2020-01-04 02:06:37,87,-8.93,125.41,20.870000000000005,3.3474272000000003
113,pokrovskoye,49,RU,2020-01-04 02:06:37,87,47.41,38.9,0.5699999999999932,5.3430088
114,shingu,75,JP,2020-01-04 02:06:37,46,33.72,135.99,12.149999999999977,11.587248
115,butaritari,100,KI,2020-01-04 02:06:37,77,3.07,172.79,28.810000000000002,8.85137
116,svetlaya,0,RU,2020-01-04 02:06:37,45,46.54,138.33,-6.970000000000027,5.7292504
117,nuuk,98,GL,2020-01-04 02:06:37,85,64.17,-51.74,-5.850000000000023,7.402963999999999
118,qaqortoq,100,GL,2020-01-04 02:06:37,27,60.72,-46.03,2.1499999999999773,23.174496
119,cockburn town,58,TC,2020-01-04 02:06:38,76,21.46,-71.14,26.44999999999999,12.9069068
120,oksfjord,75,NO,2020-01-04 02:06:38,92,70.24,22.35,0.14999999999997726,5.793624
121,fukue,75,JP,2020-01-04 02:06:38,53,35.03,136.69,12.370000000000005,6.598293999999999
122,raudeberg,75,NO,2020-01-04 02:06:38,74,61.99,5.14,3.1499999999999773,22.369826
123,lantawan,40,PH,2020-01-04 02:06:38,66,10.62,123.98,30.149999999999977,10.782578
124,upata,0,VE,2020-01-04 02:06:38,97,8.02,-62.41,19.170000000000016,2.4783836
125,hasaki,75,JP,2020-01-04 02:06:38,49,35.73,140.83,11.149999999999977,3.379614
126,acapulco,40,MX,2020-01-04 01:58:12,83,16.86,-99.88,25.149999999999977,2.41401
127,kavieng,98,PG,2020-01-04 02:06:38,67,-2.57,150.8,29.74000000000001,2.5427572
128,port elizabeth,90,US,2020-01-04 02:06:38,100,39.31,-74.98,10.70999999999998,2.41401
129,naze,88,NG,2020-01-04 01:57:10,28,5.43,7.07,21.839999999999975,6.0672118
130,esperance,34,AU,2020-01-04 02:06:38,43,-33.86,121.89,21.149999999999977,13.196587999999998
131,floro,75,NO,2020-01-04 02:06:39,74,61.6,5.03,3.1499999999999773,22.369826
132,uchiza,87,PE,2020-01-04 02:06:39,93,-8.46,-76.46,18.360000000000014,2.011675
133,sitka,6,US,2020-01-04 02:06:39,72,37.17,-99.65,0.14999999999997726,5.8901844
134,evensk,100,RU,2020-01-04 02:06:39,64,61.92,159.24,-11.910000000000025,7.612178200000001
135,provideniya,9,RU,2020-01-04 02:06:39,75,64.42,-173.23,-25.539999999999992,6.4051732
136,pitimbu,75,BR,2020-01-04 02:07:39,88,-7.47,-34.81,25.149999999999977,3.0094658
137,iwaki,75,JP,2020-01-04 02:07:39,51,37.05,140.89,10.70999999999998,9.173238
138,thinadhoo,26,MV,2020-01-04 02:03:18,63,0.53,72.93,28.600000000000023,0.45061520000000005
139,itarema,100,BR,2020-01-04 02:07:39,90,-2.92,-39.92,25.649999999999977,1.9955816
140,flinders,32,AU,2020-01-04 02:07:39,28,-34.58,150.85,36.14999999999998,8.207633999999999
141,sibolga,37,ID,2020-01-04 02:07:39,50,1.74,98.78,32.589999999999975,2.1243288000000002
142,san jose,24,HN,2020-01-04 02:07:40,84,14.25,-87.96,16.20999999999998,1.3196588
143,chernenko,74,UA,2020-01-04 02:07:40,85,47.23,37.74,3.8899999999999864,10.3480562
144,zomin,100,UZ,2020-01-04 02:07:40,61,39.96,68.4,6.220000000000027,3.1543064
145,guarapuava,61,BR,2020-01-04 02:07:40,91,-25.4,-51.46,14.70999999999998,4.8602068
146,henties bay,70,NA,2020-01-04 02:07:40,87,-22.12,14.28,17.930000000000007,2.8807186000000002
147,komsomolskiy,99,RU,2020-01-04 02:07:41,95,67.55,63.78,-8.120000000000005,8.9962106
148,saskylakh,94,RU,2020-01-04 02:07:41,97,71.97,114.09,-27.919999999999987,4.9567672
149,jiayuguan,73,CN,2020-01-04 02:07:41,31,39.77,98.29,-0.4399999999999977,8.368568
150,nago,9,IT,2020-01-04 02:07:41,92,45.88,10.89,3.480000000000018,4.184284
151,port macquarie,0,AU,2020-01-04 02:05:26,27,-31.43,152.91,37.14999999999998,13.196587999999998
152,banff,71,CA,2020-01-04 02:07:41,47,51.18,-115.57,6.819999999999993,15.8198122
153,san quintin,0,PH,2020-01-04 02:07:41,55,17.54,120.52,28.829999999999984,4.82802
154,nanortalik,100,GL,2020-01-04 02:07:41,87,60.14,-45.24,-2.509999999999991,4.473965199999999
155,tombouctou,7,ML,2020-01-04 02:07:41,32,16.77,-3.01,11.370000000000005,8.207633999999999
156,tessalit,23,ML,2020-01-04 02:07:41,41,20.2,1.01,9.25,11.1366328
157,beringovskiy,0,RU,2020-01-04 02:07:42,75,63.05,179.32,-22.25999999999999,12.633319
158,coihaique,0,CL,2020-01-04 02:07:42,96,-45.58,-72.07,3.2099999999999795,4.7958332
159,the valley,20,AI,2020-01-04 02:07:42,78,18.22,-63.06,26.149999999999977,4.9889540000000006
160,chokurdakh,38,RU,2020-01-04 02:07:42,99,70.62,147.9,-28.879999999999995,2.3979166
161,batagay-alyta,0,RU,2020-01-04 02:07:42,98,67.8,130.41,-31.460000000000008,3.2991469999999996
162,thessalon,90,CA,2020-01-04 02:07:42,86,46.26,-83.55,-0.8500000000000227,2.7519714
163,tocopilla,8,CL,2020-01-04 02:07:42,48,-22.09,-70.2,13.310000000000002,2.4944770000000003
164,lasa,20,CY,2020-01-04 02:07:42,76,34.92,32.53,11.149999999999977,3.379614
165,yumen,0,CN,2020-01-04 02:07:42,46,40.29,97.04,-2.660000000000025,2.1565156
166,serowe,10,BW,2020-01-04 02:07:42,37,-22.4,26.7,27.899999999999977,8.2720076
167,ringkobing,81,DK,2020-01-04 02:07:43,93,56.09,8.24,7.149999999999977,9.173238
168,dzilam gonzalez,100,MX,2020-01-04 02:07:43,81,21.28,-88.93,23.910000000000025,9.028397400000001
169,bredasdorp,4,ZA,2020-01-04 02:07:43,68,-34.53,20.04,22.149999999999977,4.9889540000000006
170,san rafael,0,AR,2020-01-04 02:07:43,35,-34.61,-68.33,27.100000000000023,10.1066552
171,russell,20,US,2020-01-04 02:07:43,63,38.9,-98.86,1.259999999999991,4.9889540000000006
172,verkhnevilyuysk,100,RU,2020-01-04 02:07:43,97,63.45,120.31,-24.22,4.7314596
173,lima,75,PE,2020-01-04 02:07:41,88,-12.06,-77.04,22.149999999999977,7.402963999999999
174,dikson,5,RU,2020-01-04 02:07:44,94,73.51,80.55,-24.039999999999992,8.8835568
175,kungurtug,0,RU,2020-01-04 01:59:17,80,50.6,97.53,-12.449999999999989,1.7380872
176,trebon,100,CZ,2020-01-04 02:07:44,90,49,14.77,3.480000000000018,5.037234199999999
177,atasu,82,KZ,2020-01-04 02:07:44,89,48.68,71.64,-5.970000000000027,3.0416526
178,bilma,5,NE,2020-01-04 02:08:44,57,18.69,12.92,7.170000000000016,8.7226228
179,muzhi,100,RU,2020-01-04 02:08:44,96,65.4,64.7,-10.819999999999993,2.6232241999999997
180,qaanaaq,100,GL,2020-01-04 02:08:44,97,77.48,-69.36,-40.610000000000014,1.0621644000000001
181,lorengau,97,PG,2020-01-04 02:08:44,68,-2.02,147.27,29.860000000000014,3.9750698000000004
182,marfino,90,RU,2020-01-04 02:08:45,86,56.07,37.56,-0.8500000000000227,9.65604
183,lagoa,0,PT,2020-01-04 02:08:45,87,37.14,-8.45,10.149999999999977,2.41401
184,balboa,40,CO,2020-01-04 02:08:45,94,4.95,-75.96,20.149999999999977,7.402963999999999
185,santa cruz,79,BR,2020-01-04 02:04:55,89,-6.22,-36.02,22.769999999999982,2.5266638
186,tamale,16,GH,2020-01-04 02:08:45,18,9.4,-0.84,16.379999999999995,6.3407995999999995
187,prince rupert,90,CA,2020-01-04 02:08:45,74,54.32,-130.32,3.1499999999999773,14.966862
188,union,90,US,2020-01-04 02:04:08,100,34.72,-81.62,14.149999999999977,4.9889540000000006
189,plettenberg bay,17,ZA,2020-01-04 02:08:45,76,-34.05,23.37,21.980000000000018,1.7380872
190,san policarpo,83,PH,2020-01-04 02:08:45,74,12.18,125.51,28.160000000000025,11.6999018
191,karwar,1,IN,2020-01-04 02:08:46,65,14.8,74.13,26.20999999999998,6.7109478
192,mazagao,75,BR,2020-01-04 02:08:46,100,-0.12,-51.29,25.149999999999977,2.41401
193,bathsheba,75,BB,2020-01-04 02:08:46,74,13.22,-59.52,26.149999999999977,8.207633999999999
194,yulara,90,AU,2020-01-04 02:08:46,35,-25.24,130.99,32.14999999999998,8.207633999999999
195,kirakira,61,SB,2020-01-04 02:08:46,81,-10.46,161.92,27.50999999999999,6.6304808
196,madinat sittah uktubar,75,EG,2020-01-04 02:08:46,76,29.82,31.05,10.149999999999977,10.782578
197,tambo,100,PE,2020-01-04 02:08:46,96,-12.95,-74.02,7.009999999999991,2.4301034
198,khandyga,0,RU,2020-01-04 02:08:46,95,62.65,135.58,-34.650000000000006,0.9334172
199,shaowu,85,CN,2020-01-04 02:08:46,73,27.34,117.49,17.839999999999975,1.5771532
200,guerrero negro,0,MX,2020-01-04 02:08:46,41,27.97,-114.04,15.70999999999998,3.0899327999999997
201,shubarkuduk,88,KZ,2020-01-04 02:08:46,92,49.15,56.49,-8.310000000000002,4.9406738
202,eirunepe,2,BR,2020-01-04 02:08:47,96,-6.66,-69.87,21.829999999999984,1.7219938000000001
203,laguna,1,BZ,2020-01-04 02:08:47,100,16.17,-88.94,22.149999999999977,1.8185542
204,lang son,92,VN,2020-01-04 02:08:47,80,21.83,106.73,20.379999999999995,2.0599552
205,kaitangata,61,NZ,2020-01-04 02:08:47,72,-46.28,169.85,10.319999999999993,21.7743702
206,hamilton,90,CA,2020-01-04 02:05:31,93,43.26,-79.87,4.589999999999975,6.598293999999999
207,santa cruz de la palma,36,ES,2020-01-04 02:08:47,55,28.68,-17.76,17.149999999999977,8.207633999999999
208,yellowknife,90,CA,2020-01-04 02:05:14,76,62.45,-114.38,-22.629999999999995,2.41401
209,sao felix do xingu,100,BR,2020-01-04 02:08:47,99,-6.64,-51.99,21.389999999999986,1.8346475999999998
210,kurilsk,100,RU,2020-01-04 02:08:47,72,45.23,147.88,-7.5,14.451873200000001
211,clyde river,1,CA,2020-01-04 02:08:47,73,70.47,-68.59,-33.849999999999994,9.173238
212,haicheng,0,CN,2020-01-04 02:08:47,59,40.85,122.74,-2.339999999999975,5.037234199999999
213,sao filipe,82,CV,2020-01-04 02:08:47,75,14.9,-24.5,21.649999999999977,10.7342978
214,zinder,66,NE,2020-01-04 02:08:48,34,13.81,8.99,11.149999999999977,4.9889540000000006
215,klaksvik,82,FO,2020-01-04 02:08:48,64,62.23,-6.59,1.1499999999999773,4.9889540000000006
216,tairua,100,NZ,2020-01-04 02:08:48,60,-37.02,175.85,17.370000000000005,15.111702600000001
217,oliveira dos brejinhos,100,BR,2020-01-04 02:08:48,97,-12.32,-42.89,20.139999999999986,1.1104446
218,thompson,5,CA,2020-01-04 02:08:48,83,55.74,-97.86,-20.849999999999994,1.60934
219,longyearbyen,40,NO,2020-01-04 02:08:48,60,78.22,15.63,-13.850000000000023,11.587248
220,mecca,92,SA,2020-01-04 02:08:48,69,21.43,39.83,19.060000000000002,6.1476787999999996
221,dhoraji,13,IN,2020-01-04 02:04:04,36,21.73,70.45,23.54000000000002,6.8236016
222,iqaluit,90,CA,2020-01-04 02:09:48,84,63.75,-68.52,-12.850000000000023,1.60934
223,calama,5,CL,2020-01-04 02:09:48,62,-22.46,-68.93,11.149999999999977,9.173238
224,vanimo,88,PG,2020-01-04 02:09:49,84,-2.67,141.3,27.69999999999999,21.5329692
225,trinidad,100,BO,2020-01-04 02:05:26,95,-14.83,-64.9,23.00999999999999,1.8990212
226,maun,75,BW,2020-01-04 02:09:49,78,-19.99,23.42,24.149999999999977,2.41401
227,wanaka,100,NZ,2020-01-04 02:09:49,34,-44.7,169.14,17.370000000000005,2.1565156
228,gao,3,ML,2020-01-04 02:09:49,36,16.28,-0.04,10.579999999999984,8.529501999999999
229,smithers,40,CA,2020-01-04 02:09:49,92,54.78,-127.17,-2.8500000000000227,6.598293999999999
230,arman,70,RU,2020-01-04 02:09:49,71,59.7,150.17,-4.100000000000023,29.9820042
231,nakapiripirit,78,UG,2020-01-04 02:09:49,43,1.81,34.71,26.730000000000018,10.0905618
232,leningradskiy,92,RU,2020-01-04 02:09:49,73,69.38,178.42,-20.870000000000005,6.3247062000000005
233,mount gambier,90,AU,2020-01-04 02:06:07,62,-37.83,140.78,15.149999999999977,13.196587999999998
234,carbonear,40,CA,2020-01-04 02:09:49,86,47.73,-53.24,0.14999999999997726,12.391918
235,saint george,20,GR,2020-01-04 02:09:49,69,39.45,22.34,1.8199999999999932,3.379614
236,victoria,75,BN,2020-01-04 02:09:50,70,5.28,115.24,30.149999999999977,6.598293999999999
237,wasilla,90,US,2020-01-04 02:09:40,69,61.58,-149.44,-13.740000000000009,1.5932466
238,mandalgarh,0,IN,2020-01-04 02:09:50,51,25.2,75.09,19.029999999999973,4.9245804
239,berlevag,61,NO,2020-01-04 02:09:50,77,70.86,29.09,0.4700000000000273,21.162821
240,dharchula,92,IN,2020-01-04 02:09:50,83,29.85,80.53,-0.2400000000000091,3.2347733999999995
241,rosita,100,NI,2020-01-04 02:09:50,98,13.92,-84.4,20.120000000000005,1.0299776
242,pevek,0,RU,2020-01-04 02:09:50,65,69.7,170.27,-19.340000000000003,2.6232241999999997
243,acari,67,BR,2020-01-04 02:09:50,78,-6.44,-36.64,23.029999999999973,7.8374858000000005
244,kamaishi,40,JP,2020-01-04 02:09:50,51,39.28,141.86,2.1499999999999773,6.598293999999999
245,wakkanai,75,JP,2020-01-04 02:09:50,79,45.41,141.67,-5.850000000000023,12.391918
246,tiksi,100,RU,2020-01-04 02:09:50,83,71.64,128.87,-27.02000000000001,7.563898
247,ribeira grande,79,PT,2020-01-04 02:09:51,90,38.52,-28.7,15.920000000000016,11.104446000000001
248,georgetown,20,GY,2020-01-04 02:09:51,100,6.8,-58.16,22.149999999999977,3.379614
249,ramshir,90,IR,2020-01-04 02:07:05,88,30.89,49.41,18.149999999999977,4.9889540000000006
250,grand forks,1,US,2020-01-04 02:09:51,100,47.91,-97.06,-9.850000000000023,3.621015
251,fortuna,1,US,2020-01-04 02:09:51,58,40.6,-124.16,14.589999999999975,14.966862
252,castro,2,CL,2020-01-04 02:09:51,81,-42.48,-73.76,9.149999999999977,8.207633999999999
253,baruun-urt,0,MN,2020-01-04 02:09:51,81,46.68,113.28,-10.339999999999975,5.4556626
254,paita,28,PE,2020-01-04 02:09:51,73,-5.09,-81.11,23.75,5.6809702
255,kodiak,90,US,2020-01-04 02:09:51,73,39.95,-94.76,1.259999999999991,13.196587999999998
256,puri,100,ID,2020-01-04 02:05:14,65,-7.54,112.45,30.819999999999993,7.9179528
257,ilulissat,100,GL,2020-01-04 02:09:51,61,69.22,-51.1,-7.850000000000023,6.598293999999999
258,bull savanna,77,JM,2020-01-04 02:09:52,97,17.89,-77.59,20.50999999999999,1.5127796
259,tecoanapa,40,MX,2020-01-04 02:09:52,83,16.99,-99.26,25.149999999999977,1.60934
260,liverpool,75,GB,2020-01-04 02:09:52,87,53.41,-2.98,8.149999999999977,13.196587999999998
261,maniitsoq,96,GL,2020-01-04 02:09:52,69,65.42,-52.9,-4.149999999999977,11.3780338
262,husavik,100,CA,2020-01-04 02:09:52,94,50.56,-96.99,-2.069999999999993,3.7497622
263,hami,0,CN,2020-01-04 02:09:52,48,42.84,93.51,-4.389999999999986,1.3196588
264,sakurai,75,JP,2020-01-04 02:09:52,50,34.52,135.84,12.370000000000005,14.001257999999998
265,turukhansk,100,RU,2020-01-04 02:09:52,95,65.8,87.96,-17.72999999999999,10.1066552
266,dingle,41,PH,2020-01-04 02:09:52,82,11,122.67,26.680000000000007,10.0905618
267,meadow lake,98,CA,2020-01-04 02:09:52,86,54.13,-108.44,-10,4.586619
268,san angelo,1,US,2020-01-04 02:10:52,69,31.46,-100.44,4.0400000000000205,4.184284
269,burgeo,10,CA,2020-01-04 02:10:53,82,47.61,-57.61,-1.6399999999999864,0.9656039999999999
270,bangangte,0,CM,2020-01-04 02:10:53,54,5.14,10.52,19.399999999999977,1.9794882
271,balkhash,90,KZ,2020-01-04 02:10:53,92,46.84,74.98,-6.850000000000023,4.82802
272,ancud,0,CL,2020-01-04 02:10:53,81,-41.87,-73.83,9.149999999999977,8.207633999999999
273,muisne,100,EC,2020-01-04 02:10:53,91,0.61,-80.02,23.829999999999984,3.9911632
274,hoi an,75,VN,2020-01-04 02:10:53,65,15.88,108.33,27.149999999999977,4.9889540000000006
275,qarqin,100,AF,2020-01-04 02:10:53,54,37.41,66.03,10.029999999999973,5.1659814
276,rawson,0,AR,2020-01-04 02:10:53,42,-43.3,-65.11,20.680000000000007,14.725461000000001
277,polyarnyy,75,RU,2020-01-04 02:10:53,86,69.2,33.45,-2.8500000000000227,9.65604
278,danane,6,CI,2020-01-04 02:10:53,26,7.26,-8.15,15.829999999999984,3.1543064
279,acajutla,55,SV,2020-01-04 02:10:54,93,13.59,-89.83,20.149999999999977,0.724203
280,cherskiy,10,RU,2020-01-04 02:10:54,62,68.75,161.3,-17.560000000000002,7.000628999999999
281,souillac,90,FR,2020-01-04 02:10:54,93,45.6,-0.6,8.480000000000018,5.793624
282,nizwa,0,OM,2020-01-04 02:10:54,46,22.93,57.53,18.74000000000001,2.4622902
283,carnarvon,0,ZA,2020-01-04 02:10:54,44,-30.97,22.13,24.850000000000023,6.4534534
284,yar-sale,93,RU,2020-01-04 02:10:54,96,66.83,70.83,-14.689999999999998,8.127167
285,general roca,56,AR,2020-01-04 02:10:54,34,-39.03,-67.58,26.149999999999977,5.793624
286,buin,0,CL,2020-01-04 02:10:54,68,-33.73,-70.74,18.149999999999977,2.41401
287,episkopi,20,CY,2020-01-04 02:10:54,87,34.67,32.9,11.149999999999977,2.41401
288,yanam,40,IN,2020-01-04 02:09:14,69,16.73,82.22,28.149999999999977,4.9889540000000006
289,abaete,100,BR,2020-01-04 02:10:55,96,-19.16,-45.45,21.25999999999999,2.8324384
290,ambanja,40,MG,2020-01-04 02:10:55,70,-13.68,48.45,31.149999999999977,3.379614
291,luganville,75,VU,2020-01-04 02:10:55,69,-15.51,167.18,28.149999999999977,9.173238
292,leh,100,IN,2020-01-04 02:10:55,55,34.16,77.58,-16.649999999999977,0.38624159999999996
293,upernavik,100,GL,2020-01-04 02:10:55,98,72.79,-56.15,-28.060000000000002,12.1827038
294,copiapo,90,CL,2020-01-04 02:10:55,82,-27.37,-70.33,16.149999999999977,2.41401
295,sisian,90,AM,2020-01-04 02:10:55,72,39.53,46.03,0.14999999999997726,3.379614
296,santander jimenez,0,MX,2020-01-04 02:10:55,46,24.22,-98.47,14.600000000000023,4.8441133999999995
297,lahaina,75,US,2020-01-04 02:10:55,100,20.87,-156.68,23.149999999999977,9.173238
298,oban,99,GB,2020-01-04 02:10:56,78,56.42,-5.47,9.04000000000002,5.037234199999999
299,praia da vitoria,20,PT,2020-01-04 02:10:56,76,38.73,-27.07,14.149999999999977,9.559479600000001
300,edinburg,1,US,2020-01-04 02:08:49,57,26.3,-98.16,14.589999999999975,4.9889540000000006
301,aleksandrovka,100,RU,2020-01-04 02:10:56,91,54.24,50.04,-1.6399999999999864,11.0078856
302,ilheus,40,BR,2020-01-04 02:10:56,94,-14.79,-39.05,26.149999999999977,2.41401
303,srednekolymsk,58,RU,2020-01-04 02:10:56,69,67.46,153.71,-17.24000000000001,1.5127796
304,sorong,56,ID,2020-01-04 02:10:56,88,-0.86,131.25,27.089999999999975,3.6532018
305,trelew,29,AR,2020-01-04 02:10:56,17,-43.25,-65.31,21.45999999999998,12.4884784
306,kaeo,94,NZ,2020-01-04 02:10:56,72,-35.1,173.78,18.480000000000018,0.724203
307,quatre cocos,75,MU,2020-01-04 02:10:57,83,-20.21,57.76,27.930000000000007,6.598293999999999
308,port hedland,16,AU,2020-01-04 02:10:57,56,-20.31,118.58,35.14999999999998,14.001257999999998
309,alofi,2,NU,2020-01-04 02:10:57,88,-19.06,-169.92,24.149999999999977,2.41401
310,talnakh,40,RU,2020-01-04 02:10:57,77,69.49,88.39,-15.850000000000023,17.70274
311,lebu,40,ET,2020-01-04 02:10:57,51,8.96,38.73,17.149999999999977,8.207633999999999
312,paine,0,CL,2020-01-04 02:10:57,68,-33.81,-70.74,18.149999999999977,2.41401
313,port augusta,0,AU,2020-01-04 02:10:57,36,-32.49,137.76,25.70999999999998,10.7986714
314,salalah,3,OM,2020-01-04 02:10:57,44,17.01,54.1,27.149999999999977,4.184284
315,miranda de ebro,75,ES,2020-01-04 02:10:57,100,42.69,-2.95,8.480000000000018,3.379614
316,buchanan,20,LR,2020-01-04 02:11:57,93,5.88,-10.05,19.149999999999977,3.1060262
317,tabou,1,CI,2020-01-04 02:11:57,64,4.42,-7.36,20.079999999999984,2.896812
318,inhambane,40,MZ,2020-01-04 02:11:57,62,-23.87,35.38,30.149999999999977,9.977908000000001
319,nyurba,100,RU,2020-01-04 02:11:58,98,63.29,118.35,-22.860000000000014,3.5244546
320,marmande,90,FR,2020-01-04 02:11:58,100,44.5,0.16,8.480000000000018,4.184284
321,dubbo,0,AU,2020-01-04 02:11:58,11,-32.25,148.6,43.14999999999998,10.782578
322,mangrol,0,IN,2020-01-04 02:11:58,55,25.33,76.51,19.69999999999999,2.3979166
323,mochicahui,0,MX,2020-01-04 02:11:58,85,25.95,-108.93,14.04000000000002,1.4323126
324,axim,52,GH,2020-01-04 02:11:58,56,4.87,-2.24,21.279999999999973,2.8324384
325,ankang,94,CN,2020-01-04 02:11:58,55,32.73,108.99,6.399999999999977,1.0299776
326,rio gallegos,90,AR,2020-01-04 02:11:58,87,-51.62,-69.22,8.149999999999977,9.977908000000001
327,morro bay,1,US,2020-01-04 02:11:58,81,35.37,-120.85,11.819999999999993,4.184284
328,manali,100,IN,2020-01-04 02:11:58,60,32.25,77.19,2.0500000000000114,3.7175754
329,saint anthony,75,US,2020-01-04 02:11:59,85,43.97,-111.68,-7.850000000000023,4.9889540000000006
330,caravelas,100,BR,2020-01-04 02:11:59,95,-17.73,-39.27,23.089999999999975,7.563898
331,visby,64,SE,2020-01-04 02:11:59,59,57.64,18.3,4.0400000000000205,18.185542
332,qostanay,100,KZ,2020-01-04 02:11:59,85,53.17,63.58,-6.850000000000023,16.0934
333,kahului,75,US,2020-01-04 02:11:59,100,20.89,-156.47,23.149999999999977,9.977908000000001
334,bilibino,0,RU,2020-01-04 02:11:59,54,68.06,166.44,-21.120000000000005,1.1265379999999998
335,half moon bay,90,US,2020-01-04 02:11:36,87,37.46,-122.43,12.370000000000005,6.598293999999999
336,waipawa,100,NZ,2020-01-04 02:11:59,60,-39.94,176.59,15.70999999999998,3.6049216000000004
337,prabumulih,85,ID,2020-01-04 02:11:59,84,-3.5,104.19,28.45999999999998,3.6371084
338,tirumala,40,IN,2020-01-04 02:12:00,62,13.68,79.35,30.149999999999977,2.41401
339,biak,100,ID,2020-01-04 02:12:00,70,-0.91,122.88,30.49000000000001,10.4768034
340,gat,97,SN,2020-01-04 02:12:00,15,14.69,-16.54,22.149999999999977,11.587248
341,norwalk,1,US,2020-01-04 02:12:00,66,33.91,-118.08,14.589999999999975,0.8529502
342,baker city,1,US,2020-01-04 02:10:33,64,44.77,-117.83,6.149999999999977,8.207633999999999
343,portland,1,US,2020-01-04 02:09:28,80,43.66,-70.25,3.480000000000018,6.6465742
344,le port,76,FR,2020-01-04 02:12:00,94,42.87,1.37,9.04000000000002,2.1565156
345,san carlos de bariloche,20,AR,2020-01-04 02:12:00,71,-41.13,-71.31,14.149999999999977,13.196587999999998
346,paso de carrasco,0,UY,2020-01-04 02:09:43,77,-34.86,-56.05,18.149999999999977,3.379614
347,casambalangan,67,PH,2020-01-04 02:12:01,79,18.38,122.13,24.579999999999984,15.127796
348,dallas,1,US,2020-01-04 02:12:01,75,32.78,-96.8,8.149999999999977,4.8441133999999995
349,dunedin,40,NZ,2020-01-04 02:12:01,51,-45.87,170.5,12.930000000000007,14.3874996
350,nizhniy ufaley,100,RU,2020-01-04 02:12:01,87,55.91,59.99,-6.25,12.955187
351,yeppoon,1,AU,2020-01-04 02:12:01,29,-23.13,150.74,32.14999999999998,7.402963999999999
352,antalaha,77,MG,2020-01-04 02:12:01,76,-14.9,50.28,27,3.3313338
353,jinchang,4,CN,2020-01-04 02:12:01,34,38.52,102.19,-0.2799999999999727,4.8602068
354,sungaipenuh,68,ID,2020-01-04 02:11:56,67,-2.08,101.38,24.730000000000018,1.2230984
355,svencioneliai,100,LT,2020-01-04 02:12:02,87,55.17,26,2.769999999999982,8.6743426
356,valparai,40,IN,2020-01-04 02:12:02,52,10.33,76.96,33.14999999999998,4.184284
357,san cristobal,16,HN,2020-01-04 02:12:02,89,14.68,-86.92,16.579999999999984,2.5749440000000003
358,vila velha,40,BR,2020-01-04 02:12:02,78,-3.71,-38.6,30.149999999999977,5.793624
359,puerto del rosario,75,ES,2020-01-04 02:12:02,82,28.5,-13.86,17.149999999999977,9.977908000000001
360,avera,90,US,2020-01-04 02:12:02,88,33.19,-82.53,17.149999999999977,2.0599552
361,constitucion,0,MX,2020-01-04 02:12:02,64,23.99,-104.67,4.0400000000000205,2.7680648
362,naryan-mar,100,RU,2020-01-04 02:13:02,96,67.67,53.09,1.2699999999999818,16.1899604
363,harper,1,US,2020-01-04 02:13:03,74,30.3,-99.24,7.930000000000007,5.6809702
364,kholodnyy,100,RU,2020-01-04 02:13:03,91,62.72,147.95,-16.899999999999977,4.007256600000001
365,vyshkov,75,RU,2020-01-04 02:13:03,92,52.48,31.69,-0.8500000000000227,9.65604
366,yuci,96,CN,2020-01-04 02:13:03,30,37.68,112.73,6.149999999999977,1.60934
367,kyaikkami,0,MM,2020-01-04 02:13:03,65,16.08,97.57,27.370000000000005,6.3086128
368,kieta,100,PG,2020-01-04 02:13:03,65,-6.22,155.63,29.54000000000002,2.4461968
369,mosetse,25,BW,2020-01-04 02:13:03,41,-20.64,26.64,28.350000000000023,7.2581234
370,gizo,75,IL,2020-01-04 02:13:03,62,31.8,34.94,11.259999999999991,14.966862
371,nanakuli,90,US,2020-01-04 02:13:04,88,21.39,-158.15,24.149999999999977,3.379614
372,ust-omchug,98,RU,2020-01-04 02:13:04,98,61.13,149.63,-18.830000000000013,4.4900586
373,mount isa,40,AU,2020-01-04 02:13:04,20,-20.73,139.49,39.14999999999998,7.402963999999999
374,surt,38,LY,2020-01-04 02:13:04,72,31.21,16.59,10.319999999999993,10.7342978
375,bayanday,56,RU,2020-01-04 02:13:04,80,53.07,105.52,-5.939999999999998,0.7885766
376,doctor juan leon mallorquin,0,PY,2020-01-04 02:13:04,86,-25.4,-55.27,20.25,2.3979166
377,yarmouth,90,CA,2020-01-04 02:13:04,100,43.84,-66.12,5.7099999999999795,4.184284
378,livingston,1,US,2020-01-04 02:13:05,100,32.58,-88.19,14.149999999999977,2.41401
379,machiques,69,VE,2020-01-04 02:13:05,65,10.06,-72.55,23.899999999999977,3.0416526
380,talcahuano,0,CL,2020-01-04 02:11:29,82,-36.72,-73.12,18.149999999999977,9.173238
381,alta floresta,95,BR,2020-01-04 02:13:05,98,-9.87,-56.08,21.980000000000018,5.230355
382,nouadhibou,100,MR,2020-01-04 02:13:05,43,20.93,-17.03,16.149999999999977,12.391918
383,wangqing,1,CN,2020-01-04 02:13:05,72,43.31,129.76,-8.379999999999995,5.7453438
384,sept-iles,90,CA,2020-01-04 02:10:11,85,50.2,-66.38,-5.850000000000023,3.8463226
385,dashitou,76,CN,2020-01-04 02:13:05,86,43.3,128.5,-9.180000000000007,6.5017336
386,syracuse,90,US,2020-01-04 02:09:23,100,43.05,-76.15,5.149999999999977,3.379614
387,geraldton,90,CA,2020-01-04 02:13:05,92,49.72,-86.95,-10.850000000000023,2.41401
388,college,81,US,2020-01-04 02:13:06,73,64.86,-147.8,-23.74000000000001,2.816345
389,shirokiy,90,RU,2020-01-04 02:13:06,90,53.87,39.17,-2.75,11.3297536
390,winnemucca,1,US,2020-01-04 02:13:06,69,40.97,-117.74,4.0400000000000205,3.379614
391,destin,90,US,2020-01-04 02:13:06,93,30.39,-86.5,17.149999999999977,4.184284
392,pangnirtung,100,CA,2020-01-04 02:13:06,97,66.15,-65.72,-15.069999999999993,2.4622902
393,nalut,0,LY,2020-01-04 02:13:06,49,31.86,10.98,6.029999999999973,5.1177012
394,ereymentau,24,KZ,2020-01-04 02:13:06,93,51.62,73.1,-6.579999999999984,11.7803688
395,porto velho,20,BR,2020-01-04 02:13:06,94,-8.75,-63.87,24.149999999999977,3.379614
396,cayenne,75,GF,2020-01-04 02:13:07,83,4.94,-52.33,26.149999999999977,2.41401
397,ghanzi,26,BW,2020-01-04 02:13:07,56,-21.7,21.65,26.230000000000018,3.8463226
398,maningrida,99,AU,2020-01-04 02:13:07,54,-12.05,134.23,32.75999999999999,8.4168482
399,lompoc,1,US,2020-01-04 02:13:07,70,34.64,-120.46,9.589999999999975,2.092142
400,kavaratti,39,IN,2020-01-04 02:13:07,77,10.57,72.64,27.29000000000002,9.9296278
401,joshimath,57,IN,2020-01-04 02:13:07,42,30.57,79.57,2.1499999999999773,4.3291246
402,port hardy,75,CA,2020-01-04 02:13:07,86,50.7,-127.42,4.149999999999977,9.977908000000001
403,ust-tsilma,100,RU,2020-01-04 02:13:07,93,65.44,52.15,1.5199999999999818,7.9823264
404,sorland,75,NO,2020-01-04 02:13:07,74,67.67,12.69,1.1499999999999773,23.174496
405,arlit,2,NE,2020-01-04 02:14:08,38,18.74,7.39,10.509999999999991,10.074468399999999
406,road town,40,VG,2020-01-04 02:14:08,74,18.42,-64.62,26.149999999999977,4.9889540000000006
407,louis trichardt,0,ZA,2020-01-04 02:14:08,54,-23.04,29.91,25.79000000000002,2.816345
408,bonavista,31,CA,2020-01-04 02:14:08,86,48.65,-53.11,-4.360000000000014,8.690436
409,tiznit,5,MA,2020-01-04 02:14:08,34,29.7,-9.73,9.560000000000002,2.2047958000000003
410,vila franca do campo,75,PT,2020-01-04 02:14:08,93,37.72,-25.43,17.149999999999977,4.184284
411,trincomalee,13,LK,2020-01-04 02:14:08,55,8.58,81.23,30.829999999999984,4.3934982
412,santa rosalia,75,IT,2020-01-04 02:14:08,71,38.07,13.27,14.149999999999977,6.598293999999999
413,wajir,75,KE,2020-01-04 02:14:08,74,1.75,40.07,28.149999999999977,6.598293999999999
414,havre-saint-pierre,90,CA,2020-01-04 02:14:09,92,50.23,-63.6,-7.850000000000023,3.379614
415,sao paulo de olivenca,80,BR,2020-01-04 02:11:05,94,-3.38,-68.87,22.30000000000001,1.2713786
416,kumo,0,NG,2020-01-04 02:14:09,39,10.05,11.21,13.660000000000025,8.8674634
417,haines junction,100,CA,2020-01-04 02:14:09,99,60.75,-137.51,-23.25999999999999,4.4417784
418,nishihara,75,JP,2020-01-04 02:14:09,34,35.74,139.53,12.370000000000005,2.41401
419,mehamn,90,NO,2020-01-04 02:14:09,81,71.03,27.85,-1.3999999999999773,18.3303826
420,erdenet,0,MN,2020-01-04 02:14:09,74,49.03,104.04,-10.939999999999998,1.4162192
421,qinzhou,94,CN,2020-01-04 02:14:09,58,21.96,108.62,24.829999999999984,6.2925194
422,funadhoo,27,MV,2020-01-04 02:14:09,77,6.15,73.27,28.30000000000001,8.497315200000001
423,gravdal,75,NO,2020-01-04 02:14:10,86,59.79,5.78,4.149999999999977,18.185542
424,santa marta de tormes,90,ES,2020-01-04 02:14:10,93,40.95,-5.63,3.480000000000018,3.7658555999999996
425,guadix,40,ES,2020-01-04 02:14:10,93,37.3,-3.14,5.149999999999977,1.7219938000000001
426,santiago nonualco,3,SV,2020-01-04 02:14:10,83,13.51,-88.94,22.149999999999977,1.60934
427,kampong chhnang,97,KH,2020-01-04 02:14:10,41,12.25,104.67,31.129999999999995,6.9845356
428,merauke,100,ID,2020-01-04 02:14:10,59,-8.49,140.4,31.279999999999973,7.483431
429,vardo,90,US,2020-01-04 02:14:10,100,39.62,-77.74,9.589999999999975,4.2325642
430,morant bay,20,JM,2020-01-04 02:14:10,74,17.88,-76.41,26.149999999999977,3.379614
431,jalu,25,LY,2020-01-04 02:14:10,87,29.03,21.55,9.089999999999975,6.9201619999999995
432,chapais,90,CA,2020-01-04 02:14:11,85,49.78,-74.86,-7.850000000000023,4.184284
433,miracema do tocantins,100,BR,2020-01-04 02:14:11,97,-9.56,-48.4,22.5,1.1909116
434,batagay,0,RU,2020-01-04 02:14:11,97,67.65,134.64,-31.50999999999999,0.8529502
435,paamiut,100,GL,2020-01-04 02:14:11,60,61.99,-49.67,-0.7400000000000091,4.8119266000000005
436,omboue,100,GA,2020-01-04 02:14:11,95,-1.57,9.26,24.370000000000005,1.046071
437,yerofey pavlovich,38,RU,2020-01-04 02:14:11,93,53.97,121.97,-18.289999999999992,2.6071308
438,aswan,22,EG,2020-01-04 02:14:11,54,24.09,32.9,9.800000000000011,8.609969
439,mikkeli,26,FI,2020-01-04 02:14:11,76,61.69,27.27,0.14999999999997726,8.207633999999999
440,mayo,75,CA,2020-01-04 02:14:11,70,63.59,-135.9,-20.849999999999994,8.207633999999999
441,kupino,39,RU,2020-01-04 02:14:11,94,54.36,77.31,-11.970000000000027,10.2354024
442,venado tuerto,0,AR,2020-01-04 02:14:12,91,-33.75,-61.97,18.480000000000018,5.5039428
443,ukiah,1,US,2020-01-04 02:14:12,87,39.15,-123.21,9.589999999999975,2.7519714
444,general pico,0,AR,2020-01-04 02:14:12,77,-35.66,-63.75,19.149999999999977,7.1776564
445,eyl,97,SO,2020-01-04 02:14:12,76,7.98,49.82,26,13.9529778
446,la tuque,25,CA,2020-01-04 02:14:12,92,47.44,-72.79,-6.410000000000025,3.7014819999999995
447,birjand,75,IR,2020-01-04 02:14:12,56,32.86,59.22,7.149999999999977,4.0394434
448,winchester,20,GB,2020-01-04 02:14:12,86,51.06,-1.31,5.7099999999999795,4.184284
449,nizhniy kuranakh,92,RU,2020-01-04 02:14:12,96,58.84,125.49,-13.949999999999989,2.0277684
450,necochea,0,AR,2020-01-04 02:14:13,89,-38.55,-58.74,16.779999999999973,9.9618146
451,qandala,57,SO,2020-01-04 02:14:13,63,11.47,49.87,24.95999999999998,3.057746
452,catia la mar,40,VE,2020-01-04 02:14:13,74,10.6,-67.03,27.149999999999977,4.184284
453,zhaotong,95,CN,2020-01-04 02:14:13,89,27.34,103.71,7.1200000000000045,0.6276426
454,bowen,100,AU,2020-01-04 02:15:13,58,-20.01,148.25,29.04000000000002,9.173238
455,maniwaki,38,CA,2020-01-04 02:15:13,91,46.38,-75.98,-4.720000000000027,2.8646252
456,poshekhonye,100,RU,2020-01-04 02:15:13,90,58.5,39.12,0.6200000000000045,11.7320886
457,vestmannaeyjar,100,IS,2020-01-04 02:15:14,84,63.44,-20.27,2.3000000000000114,32.8466294
458,tahe,0,CN,2020-01-04 02:15:14,83,52.34,124.71,-13.860000000000014,1.9473014
459,nicoya,64,CR,2020-01-04 02:15:01,88,10.15,-85.45,22.149999999999977,1.60934
460,te anau,93,NZ,2020-01-04 02:15:14,60,-45.41,167.72,12.95999999999998,3.0738393999999998
461,rosarito,40,CO,2020-01-04 02:15:14,94,4.91,-75.23,20.149999999999977,4.9889540000000006
462,broome,61,GB,2020-01-04 02:15:14,86,52.47,1.45,5.7099999999999795,9.173238
463,hobyo,75,SO,2020-01-04 02:15:14,65,5.35,48.53,27.360000000000014,12.681599199999999
464,suez,58,EG,2020-01-04 02:15:14,67,29.97,32.54,10.170000000000016,12.6655058
465,along,92,IN,2020-01-04 02:15:14,90,28.17,94.8,14.220000000000027,2.3979166
466,sisimiut,100,GL,2020-01-04 02:15:15,87,66.94,-53.67,-11.139999999999986,1.0138842
467,abu kamal,69,SY,2020-01-04 02:15:15,75,34.45,40.92,9.509999999999991,2.4301034
468,santa maria,40,BR,2020-01-04 02:15:15,88,-16.02,-48.01,21.149999999999977,4.184284
469,bahia honda,100,CU,2020-01-04 02:15:15,89,22.9,-83.16,24.04000000000002,7.1132827999999995
470,zalantun,0,CN,2020-01-04 02:15:15,73,48,122.72,-8.879999999999995,3.7658555999999996
471,joensuu,75,FI,2020-01-04 02:15:15,74,62.6,29.76,-0.410000000000025,9.173238
472,udachnyy,78,RU,2020-01-04 02:15:16,75,66.42,112.4,-27.849999999999994,3.21868
473,byron bay,0,AU,2020-01-04 02:15:16,65,-28.65,153.62,32.14999999999998,12.391918
474,faya,0,SA,2020-01-04 02:15:16,63,18.39,42.45,18.149999999999977,9.977908000000001
475,manjacaze,50,MZ,2020-01-04 02:15:16,59,-24.71,33.88,28.889999999999986,3.4600809999999997
476,ahmadpur sial,50,PK,2020-01-04 02:15:16,51,30.68,71.77,16.149999999999977,3.379614
477,oktyabrskoye,75,RU,2020-01-04 02:15:16,85,56.73,85.44,-4.2900000000000205,8.0467
478,bacolod,14,PH,2020-01-04 02:15:17,61,10.68,122.95,29.579999999999984,6.678761000000001
479,havelock,90,US,2020-01-04 02:12:29,88,34.88,-76.9,24.149999999999977,9.977908000000001
480,podgorica,16,ME,2020-01-04 02:13:41,63,42.44,19.26,-0.8500000000000227,1.60934
481,vorchdorf,75,AT,2020-01-04 02:15:17,93,48,13.92,6.819999999999993,9.977908000000001
482,tashla,75,RU,2020-01-04 02:15:17,92,53.71,49.75,-1.8500000000000227,8.0467
483,plainview,1,US,2020-01-04 02:15:17,80,34.18,-101.71,5.7099999999999795,4.9889540000000006
484,brae,20,GB,2020-01-04 02:15:17,64,60.4,-1.35,3.1499999999999773,9.977908000000001
485,girona,0,ES,2020-01-04 02:11:07,100,41.98,2.82,9.589999999999975,1.8507409999999997
486,ocampo,0,MX,2020-01-04 02:15:18,74,27.32,-102.4,3.6999999999999886,1.9473014
487,lander,1,US,2020-01-04 02:15:18,68,42.83,-108.73,2.3700000000000045,3.379614
488,mehran,75,IR,2020-01-04 02:15:18,75,33.12,46.17,8.149999999999977,1.60934
489,cocobeach,20,GA,2020-01-04 02:15:18,94,1.01,9.58,26.149999999999977,3.379614
490,okhotsk,100,RU,2020-01-04 02:15:18,88,59.36,143.24,-6.689999999999998,16.0612132
491,lincoln,75,GB,2020-01-04 02:15:18,81,53.23,-0.54,8.480000000000018,11.587248
492,grindavik,90,IS,2020-01-04 02:15:18,85,63.84,-22.43,0.14999999999997726,33.957074
493,angoram,96,PG,2020-01-04 02:15:18,57,-4.06,144.07,32.170000000000016,3.21868
494,talara,1,PE,2020-01-04 02:15:18,90,-4.58,-81.27,22.05000000000001,10.863045
495,catuday,0,PH,2020-01-04 02:15:18,73,16.29,119.81,25.480000000000018,3.5244546
496,fort nelson,90,CA,2020-01-04 02:15:19,83,58.81,-122.69,-20.849999999999994,3.379614
497,conakry,1,GN,2020-01-04 02:15:19,56,9.52,-13.7,23.149999999999977,4.0394434
498,creston,1,CA,2020-01-04 02:15:19,85,49.1,-116.52,0.14999999999997726,2.41401
499,viedma,47,AR,2020-01-04 02:15:19,41,-40.81,-62.99,26.480000000000018,2.6393176
500,ilinskiy,90,RU,2020-01-04 02:16:19,80,55.62,38.12,-0.8500000000000227,8.0467
501,yeniseysk,99,RU,2020-01-04 02:16:19,94,58.45,92.17,-4.110000000000014,4.6027124
502,peachland,75,CA,2020-01-04 02:16:19,89,49.77,-119.75,1.259999999999991,2.41401
503,coahuayana,58,MX,2020-01-04 02:16:19,58,18.62,-100.35,20.629999999999995,2.1082354
504,rio claro,97,BR,2020-01-04 02:16:19,66,-22.41,-47.56,22.370000000000005,1.4323126
505,saint-joseph,33,FR,2020-01-04 02:16:19,87,43.56,6.97,10.149999999999977,4.9889540000000006
506,rio cuarto,0,AR,2020-01-04 02:16:20,68,-33.13,-64.35,20.149999999999977,11.587248
507,panzhihua,100,CN,2020-01-04 02:16:20,65,26.59,101.72,14.04000000000002,1.4644994
508,tura,95,RU,2020-01-04 02:16:20,98,64.27,100.22,-21.289999999999992,1.9151146
509,taitung,40,TW,2020-01-04 02:16:20,69,22.76,121.15,24.149999999999977,8.207633999999999
510,sao gabriel da cachoeira,48,BR,2020-01-04 02:16:20,88,-0.13,-67.09,22.319999999999993,0.6759227999999999
511,santa rosa,0,AR,2020-01-04 02:16:20,62,-36.62,-64.29,21.819999999999993,8.609969
512,roald,75,NO,2020-01-04 02:16:20,59,62.58,6.12,3.1499999999999773,12.391918
513,havoysund,90,NO,2020-01-04 02:16:20,82,71,24.66,0.14999999999997726,11.587248
514,celestun,62,MX,2020-01-04 02:16:20,86,20.87,-90.4,25.339999999999975,3.6049216000000004
515,carutapera,40,BR,2020-01-04 02:16:20,78,-1.2,-46.02,27.370000000000005,5.8901844
516,mizque,100,BO,2020-01-04 02:16:20,87,-17.94,-65.34,13.980000000000018,3.7658555999999996
517,gaoua,0,BF,2020-01-04 02:16:20,20,10.33,-3.18,12.720000000000027,4.3613114
518,tateyama,40,JP,2020-01-04 02:16:21,65,36.66,137.31,8.480000000000018,3.379614
519,fereydun kenar,0,IR,2020-01-04 02:16:21,76,36.69,52.52,10.149999999999977,1.60934
520,khani,66,GE,2020-01-04 02:16:21,46,41.96,42.96,10.149999999999977,18.990212
521,dhidhdhoo,27,MV,2020-01-04 02:16:21,78,6.88,73.1,28.20999999999998,8.223727400000001
522,gudari,85,IN,2020-01-04 02:16:21,67,19.34,83.79,25.870000000000005,0.9977908
523,gravenhurst,90,CA,2020-01-04 02:16:21,86,44.92,-79.37,0.7099999999999795,0.5149888
524,vilshofen,90,DE,2020-01-04 02:16:21,93,49.3,11.95,4.0400000000000205,2.41401
525,helong,100,CN,2020-01-04 02:16:21,56,25.94,116.13,21.019999999999982,2.011675
526,finnsnes,90,NO,2020-01-04 02:16:21,86,69.23,17.98,-0.9599999999999795,35.566414
527,karpathos,40,GR,2020-01-04 02:16:21,62,35.51,27.21,13.149999999999977,13.196587999999998
528,nara,75,JP,2020-01-04 02:16:22,50,34.68,135.8,12.370000000000005,9.173238
529,buala,98,SB,2020-01-04 02:16:22,77,-8.15,159.59,28.819999999999993,4.3291246
530,yurga,95,RU,2020-01-04 02:16:22,94,55.71,84.93,-11.170000000000016,8.4651284
531,la ronge,90,CA,2020-01-04 02:16:22,85,55.1,-105.3,-9.850000000000023,2.41401
532,kasaoka,40,JP,2020-01-04 02:16:22,43,34.5,133.52,12.370000000000005,9.977908000000001
533,dasna,0,IN,2020-01-04 02:16:22,34,27.57,73.54,17.889999999999986,3.8624159999999996
534,alice springs,90,AU,2020-01-04 02:16:22,33,-23.7,133.88,33.14999999999998,12.391918
535,nongan,0,CN,2020-01-04 02:16:22,52,44.43,125.17,-6.850000000000023,3.21868
536,barra do garcas,25,BR,2020-01-04 02:16:23,96,-15.89,-52.26,21.610000000000014,1.1748182
537,presidencia roque saenz pena,0,AR,2020-01-04 02:16:23,59,-26.79,-60.44,20.24000000000001,3.2508668
538,northam,0,AU,2020-01-04 02:16:23,13,-31.65,116.67,27.149999999999977,9.173238
539,nioro,57,GM,2020-01-04 02:16:23,15,13.79,-15.05,18.560000000000002,8.7065294
540,darasun,0,RU,2020-01-04 02:16:23,65,51.66,113.98,-12.850000000000023,1.60934
541,ulladulla,24,AU,2020-01-04 02:16:23,28,-35.36,150.48,40.14999999999998,8.207633999999999
